Action,Customer ID,Campaign,Ad group,Status,Ad group type
Add,242-715-2166,TR Search Emergency Scotland Mainland,Glasgow - Emergency 24-7,Enabled,
Add,242-715-2166,TR Search Emergency Scotland Mainland,Glasgow - Flat Tyre Call,Enabled,
Add,242-715-2166,TR Search Emergency Scotland Mainland,Glasgow - Govan Emergency,Enabled,
Add,242-715-2166,TR Search Emergency Scotland Mainland,Glasgow - Partick Emergency,Enabled,
Add,242-715-2166,TR Search Emergency Scotland Mainland,Glasgow - Shawlands Emergency,Enabled,
Add,242-715-2166,TR Search Emergency Scotland Mainland,Glasgow - Pollok Emergency,Enabled,
Add,242-715-2166,TR Search Emergency Scotland Mainland,Glasgow - Pollokshields Emergency,Enabled,
Add,242-715-2166,TR Search Emergency Scotland Mainland,Glasgow - Maryhill Emergency,Enabled,
Add,242-715-2166,TR Search Emergency Scotland Mainland,Glasgow - Springburn Emergency,Enabled,
Add,242-715-2166,TR Search Emergency Scotland Mainland,Glasgow - Dennistoun Emergency,Enabled,
Add,242-715-2166,TR Search Emergency Scotland Mainland,Glasgow - Parkhead Emergency,Enabled,
Add,242-715-2166,TR Search Emergency Scotland Mainland,Glasgow - Bridgeton Emergency,Enabled,
Add,242-715-2166,TR Search Emergency Scotland Mainland,Glasgow - Tollcross Emergency,Enabled,
Add,242-715-2166,TR Search Emergency Scotland Mainland,Glasgow - Castlemilk Emergency,Enabled,
Add,242-715-2166,TR Search Emergency Scotland Mainland,Glasgow - Cathcart Emergency,Enabled,
Add,242-715-2166,TR Search Emergency Scotland Mainland,Glasgow - Govanhill Emergency,Enabled,
Add,242-715-2166,TR Search Emergency Scotland Mainland,Glasgow - Ibrox Emergency,Enabled,
Add,242-715-2166,TR Search Emergency Scotland Mainland,Glasgow - Kinning Park Emergency,Enabled,
Add,242-715-2166,TR Search Emergency Scotland Mainland,Glasgow - Kelvinside Emergency,Enabled,
Add,242-715-2166,TR Search Emergency Scotland Mainland,Glasgow - Hyndland Emergency,Enabled,
Add,242-715-2166,TR Search Emergency Scotland Mainland,Glasgow - Hillhead Emergency,Enabled,
Add,242-715-2166,TR Search Emergency Scotland Mainland,Glasgow - Anniesland Emergency,Enabled,
Add,242-715-2166,TR Search Emergency Scotland Mainland,Glasgow - Scotstoun Emergency,Enabled,
Add,242-715-2166,TR Search Emergency Scotland Mainland,Glasgow - Whiteinch Emergency,Enabled,
Add,242-715-2166,TR Search Emergency Scotland Mainland,Glasgow - Knightswood Emergency,Enabled,
Add,242-715-2166,TR Search Emergency Scotland Mainland,Glasgow - Jordanhill Emergency,Enabled,
Add,242-715-2166,TR Search Emergency Scotland Mainland,Glasgow - Drumchapel Emergency,Enabled,
Add,242-715-2166,TR Search Emergency Scotland Mainland,Glasgow - Yoker Emergency,Enabled,
Add,242-715-2166,TR Search Emergency Scotland Mainland,Glasgow - Bearsden Emergency,Enabled,
Add,242-715-2166,TR Search Emergency Scotland Mainland,Glasgow - Milngavie Emergency,Enabled,
Add,242-715-2166,TR Search Emergency Scotland Mainland,Glasgow - Kirkintilloch Emergency,Enabled,
Add,242-715-2166,TR Search Emergency Scotland Mainland,Glasgow - Lenzie Emergency,Enabled,
Add,242-715-2166,TR Search Emergency Scotland Mainland,Glasgow - Bishopbriggs Emergency,Enabled,
Add,242-715-2166,TR Search Emergency Scotland Mainland,Glasgow - Stepps Emergency,Enabled,
Add,242-715-2166,TR Search Emergency Scotland Mainland,Glasgow - Riddrie Emergency,Enabled,
Add,242-715-2166,TR Search Emergency Scotland Mainland,Glasgow - Carntyne Emergency,Enabled,
Add,242-715-2166,TR Search Emergency Scotland Mainland,Glasgow - Baillieston Emergency,Enabled,
Add,242-715-2166,TR Search Emergency Scotland Mainland,Glasgow - Mount Vernon Emergency,Enabled,
Add,242-715-2166,TR Search Emergency Scotland Mainland,Glasgow - Carmyle Emergency,Enabled,
Add,242-715-2166,TR Search Emergency Scotland Mainland,Glasgow - Rutherglen Emergency,Enabled,
Add,242-715-2166,TR Search Emergency Scotland Mainland,Glasgow - Cambuslang Emergency,Enabled,
Add,242-715-2166,TR Search Emergency Scotland Mainland,Glasgow - Burnside Emergency,Enabled,
Add,242-715-2166,TR Search Emergency Scotland Mainland,Glasgow - King's Park Emergency,Enabled,
Add,242-715-2166,TR Search Emergency Scotland Mainland,Glasgow - Croftfoot Emergency,Enabled,
Add,242-715-2166,TR Search Emergency Scotland Mainland,Glasgow - Toryglen Emergency,Enabled,
Add,242-715-2166,TR Search Emergency Scotland Mainland,Glasgow - Dalmarnock Emergency,Enabled,
Add,242-715-2166,TR Search Emergency Scotland Mainland,Glasgow - Calton Emergency,Enabled,
Add,242-715-2166,TR Search Emergency Scotland Mainland,Glasgow - Barlanark Emergency,Enabled,
Add,242-715-2166,TR Search Emergency Scotland Mainland,Glasgow - Easterhouse Emergency,Enabled,
Add,242-715-2166,TR Search Emergency Scotland Mainland,Glasgow - Garrowhill Emergency,Enabled,
Add,242-715-2166,TR Search Emergency Scotland Mainland,Glasgow - Cranhill Emergency,Enabled,
Add,242-715-2166,TR Search Emergency Scotland Mainland,Glasgow - Robroyston Emergency,Enabled,
Add,242-715-2166,TR Search Emergency Scotland Mainland,Glasgow - Possil Emergency,Enabled,
Add,242-715-2166,TR Search Emergency Scotland Mainland,Glasgow - Lambhill Emergency,Enabled,
Add,242-715-2166,TR Search Emergency Scotland Mainland,Glasgow - Ruchill Emergency,Enabled,
Add,242-715-2166,TR Search Emergency Scotland Mainland,Glasgow - Thornliebank Emergency,Enabled,
Add,242-715-2166,TR Search Emergency Scotland Mainland,Glasgow - Giffnock Emergency,Enabled,
Add,242-715-2166,TR Search Emergency Scotland Mainland,Glasgow - Clarkston Emergency,Enabled,
Add,242-715-2166,TR Search Emergency Scotland Mainland,Glasgow - Busby Emergency,Enabled,
Add,242-715-2166,TR Search Emergency Scotland Mainland,Glasgow - Newton Mearns Emergency,Enabled,
Add,242-715-2166,TR Search Emergency Scotland Mainland,Glasgow - Barrhead Emergency,Enabled,
Add,242-715-2166,TR Search Emergency Scotland Mainland,Glasgow - Nitshill Emergency,Enabled,
Add,242-715-2166,TR Search Emergency Scotland Mainland,Glasgow - Penilee Emergency,Enabled,
Add,242-715-2166,TR Search Emergency Scotland Mainland,Glasgow - Cardonald Emergency,Enabled,
Add,242-715-2166,TR Search Emergency Scotland Mainland,Glasgow - Hillington Emergency,Enabled,
Add,242-715-2166,TR Search Emergency Scotland Mainland,Glasgow - Renfrew Emergency,Enabled,
Add,242-715-2166,TR Search Emergency Scotland Mainland,Glasgow - Clydebank Emergency,Enabled,
Add,242-715-2166,TR Search Emergency Scotland Mainland,Glasgow - Dalmuir Emergency,Enabled,
Add,242-715-2166,TR Search Emergency Scotland Mainland,Glasgow - Uddingston Emergency,Enabled,
Add,242-715-2166,TR Search Emergency Scotland Mainland,Glasgow - Bothwell Emergency,Enabled,
Add,242-715-2166,TR Search Emergency Scotland Mainland,Glasgow - Bellshill Emergency,Enabled,
Add,242-715-2166,TR Search Emergency Scotland Mainland,Glasgow - Viewpark Emergency,Enabled,
Add,242-715-2166,TR Search Emergency Scotland Mainland,Glasgow - Blantyre Emergency,Enabled,
Add,242-715-2166,TR Search Emergency Scotland Mainland,Glasgow - Coatbridge Emergency,Enabled,
Add,242-715-2166,TR Search Emergency Scotland Mainland,Glasgow - Airdrie Emergency,Enabled,
Add,242-715-2166,TR Search Emergency Scotland Mainland,Glasgow - Old Kilpatrick Emergency,Enabled,
Add,242-715-2166,TR Search Emergency Scotland Mainland,Glasgow - West End Emergency,Enabled,
Add,242-715-2166,TR Search Emergency Scotland Mainland,Glasgow - City Centre Emergency,Enabled,
Add,242-715-2166,TR Search Emergency Scotland Mainland,Glasgow - East End Emergency,Enabled,
Add,242-715-2166,TR Search Emergency Scotland Mainland,Glasgow - Southside Emergency,Enabled,
Add,242-715-2166,TR Search Emergency Scotland Mainland,Glasgow - Crosshill Emergency,Enabled,
Add,242-715-2166,TR Search Emergency Scotland Mainland,Glasgow - Langside Emergency,Enabled,
Add,242-715-2166,TR Search Emergency Scotland Mainland,Glasgow - Mount Florida Emergency,Enabled,
Add,242-715-2166,TR Search Emergency Scotland Mainland,Glasgow - Battlefield Emergency,Enabled,
Add,242-715-2166,TR Search Emergency Scotland Mainland,Glasgow - Cessnock Emergency,Enabled,
Add,242-715-2166,TR Search Emergency Scotland Mainland,Glasgow - Tradeston Emergency,Enabled,
Add,242-715-2166,TR Search Emergency Scotland Mainland,Glasgow - Finnieston Emergency,Enabled,
Add,242-715-2166,TR Search Emergency Scotland Mainland,Glasgow - Anderston Emergency,Enabled,
Add,242-715-2166,TR Search Emergency Scotland Mainland,Glasgow - Woodlands Emergency,Enabled,
Add,242-715-2166,TR Search Emergency Scotland Mainland,Glasgow - Garnethill Emergency,Enabled,
Add,242-715-2166,TR Search Emergency Scotland Mainland,Glasgow - Townhead Emergency,Enabled,
Add,242-715-2166,TR Search Emergency Scotland Mainland,Glasgow - Royston Emergency,Enabled,
Add,242-715-2166,TR Search Emergency Scotland Mainland,Glasgow - Blackhill Emergency,Enabled,
Add,242-715-2166,TR Search Emergency Scotland Mainland,Glasgow - Provanmill Emergency,Enabled,
Add,242-715-2166,TR Search Emergency Scotland Mainland,Glasgow - Milton Emergency,Enabled,
Add,242-715-2166,TR Search Emergency Scotland Mainland,Glasgow - Summerston Emergency,Enabled,
Add,242-715-2166,TR Search Emergency Scotland Mainland,Glasgow - Temple Emergency,Enabled,
Add,242-715-2166,TR Search Emergency Scotland Mainland,Glasgow - Kelvindale Emergency,Enabled,
Add,242-715-2166,TR Search Emergency Scotland Mainland,Glasgow - Broomhill Emergency,Enabled,
Add,242-715-2166,TR Search Emergency Scotland Mainland,Glasgow - Dowanhill Emergency,Enabled,
Add,242-715-2166,TR Search Emergency Scotland Mainland,Glasgow - Mosspark Emergency,Enabled,
Add,242-715-2166,TR Search Emergency Scotland Mainland,Glasgow - Corkerhill Emergency,Enabled,
Add,242-715-2166,TR Search Emergency Scotland Mainland,Glasgow - Muirend Emergency,Enabled,
Add,242-715-2166,TR Search Emergency Scotland Mainland,Glasgow - Netherlee Emergency,Enabled,
Add,242-715-2166,TR Search Emergency Scotland Mainland,Glasgow - Stamperland Emergency,Enabled,
Add,242-715-2166,TR Search Emergency Scotland Mainland,Glasgow - Elderslie Emergency,Enabled,
Add,242-715-2166,TR Search Emergency Scotland Mainland,Glasgow - Erskine Emergency,Enabled,
Add,242-715-2166,TR Search Emergency Scotland Mainland,Glasgow - Bowling Emergency,Enabled,
Add,242-715-2166,TR Search Emergency Scotland Mainland,Glasgow - Craigton Emergency,Enabled,
Add,242-715-2166,TR Search Emergency Scotland Mainland,Glasgow - Arden Emergency,Enabled,
Add,242-715-2166,TR Search Emergency Scotland Mainland,Glasgow - Shettleston Emergency,Enabled,
Add,242-715-2166,TR Search Emergency Scotland Mainland,Glasgow - Chryston Emergency,Enabled,
Add,242-715-2166,TR Search Emergency Scotland Mainland,Glasgow - Moodiesburn Emergency,Enabled,
Add,242-715-2166,TR Search Emergency Scotland Mainland,Glasgow - Duntocher Emergency,Enabled,
Add,242-715-2166,TR Search Emergency Scotland Mainland,Glasgow - Dumbarton Emergency,Enabled,
Add,242-715-2166,TR Search Emergency Scotland Mainland,Glasgow - Alexandria Emergency,Enabled,
Add,242-715-2166,TR Search Emergency Scotland Mainland,Glasgow - Balloch Emergency,Enabled,
Add,242-715-2166,TR Search Emergency Scotland Mainland,Glasgow - Helensburgh Emergency,Enabled,
Add,242-715-2166,TR Search Emergency Scotland Mainland,Edinburgh - Emergency 24-7,Enabled,
Add,242-715-2166,TR Search Emergency Scotland Mainland,Edinburgh - Flat Tyre Call,Enabled,
Add,242-715-2166,TR Search Emergency Scotland Mainland,Edinburgh - Leith Emergency,Enabled,
Add,242-715-2166,TR Search Emergency Scotland Mainland,Edinburgh - Portobello Emergency,Enabled,
Add,242-715-2166,TR Search Emergency Scotland Mainland,Edinburgh - Musselburgh Emergency,Enabled,
Add,242-715-2166,TR Search Emergency Scotland Mainland,Edinburgh - Dalkeith Emergency,Enabled,
Add,242-715-2166,TR Search Emergency Scotland Mainland,Edinburgh - Bonnyrigg Emergency,Enabled,
Add,242-715-2166,TR Search Emergency Scotland Mainland,Edinburgh - Loanhead Emergency,Enabled,
Add,242-715-2166,TR Search Emergency Scotland Mainland,Edinburgh - Penicuik Emergency,Enabled,
Add,242-715-2166,TR Search Emergency Scotland Mainland,Edinburgh - South Queensferry Emergency,Enabled,
Add,242-715-2166,TR Search Emergency Scotland Mainland,Edinburgh - Cramond Emergency,Enabled,
Add,242-715-2166,TR Search Emergency Scotland Mainland,Edinburgh - Corstorphine Emergency,Enabled,
Add,242-715-2166,TR Search Emergency Scotland Mainland,Edinburgh - Morningside Emergency,Enabled,
Add,242-715-2166,TR Search Emergency Scotland Mainland,Edinburgh - Newington Emergency,Enabled,
Add,242-715-2166,TR Search Emergency Scotland Mainland,Edinburgh - Bruntsfield Emergency,Enabled,
Add,242-715-2166,TR Search Emergency Scotland Mainland,Edinburgh - Stockbridge Emergency,Enabled,
Add,242-715-2166,TR Search Emergency Scotland Mainland,Edinburgh - Canonmills Emergency,Enabled,
Add,242-715-2166,TR Search Emergency Scotland Mainland,Edinburgh - Gorgie Emergency,Enabled,
Add,242-715-2166,TR Search Emergency Scotland Mainland,Edinburgh - Dalry Emergency,Enabled,
Add,242-715-2166,TR Search Emergency Scotland Mainland,Edinburgh - Slateford Emergency,Enabled,
Add,242-715-2166,TR Search Emergency Scotland Mainland,Edinburgh - Juniper Green Emergency,Enabled,
Add,242-715-2166,TR Search Emergency Scotland Mainland,Edinburgh - Currie Emergency,Enabled,
Add,242-715-2166,TR Search Emergency Scotland Mainland,Edinburgh - Balerno Emergency,Enabled,
Add,242-715-2166,TR Search Emergency Scotland Mainland,Edinburgh - Ratho Emergency,Enabled,
Add,242-715-2166,TR Search Emergency Scotland Mainland,Edinburgh - Granton Emergency,Enabled,
Add,242-715-2166,TR Search Emergency Scotland Mainland,Edinburgh - Trinity Emergency,Enabled,
Add,242-715-2166,TR Search Emergency Scotland Mainland,Edinburgh - Newhaven Emergency,Enabled,
Add,242-715-2166,TR Search Emergency Scotland Mainland,Edinburgh - Pilton Emergency,Enabled,
Add,242-715-2166,TR Search Emergency Scotland Mainland,Edinburgh - Muirhouse Emergency,Enabled,
Add,242-715-2166,TR Search Emergency Scotland Mainland,Edinburgh - Silverknowes Emergency,Enabled,
Add,242-715-2166,TR Search Emergency Scotland Mainland,Edinburgh - Davidson's Mains Emergency,Enabled,
Add,242-715-2166,TR Search Emergency Scotland Mainland,Edinburgh - Barnton Emergency,Enabled,
Add,242-715-2166,TR Search Emergency Scotland Mainland,Edinburgh - Blackhall Emergency,Enabled,
Add,242-715-2166,TR Search Emergency Scotland Mainland,Edinburgh - Marchmont Emergency,Enabled,
Add,242-715-2166,TR Search Emergency Scotland Mainland,Edinburgh - Tollcross Emergency,Enabled,
Add,242-715-2166,TR Search Emergency Scotland Mainland,Edinburgh - Haymarket Emergency,Enabled,
Add,242-715-2166,TR Search Emergency Scotland Mainland,Edinburgh - Fountainbridge Emergency,Enabled,
Add,242-715-2166,TR Search Emergency Scotland Mainland,Edinburgh - Gilmerton Emergency,Enabled,
Add,242-715-2166,TR Search Emergency Scotland Mainland,Edinburgh - Liberton Emergency,Enabled,
Add,242-715-2166,TR Search Emergency Scotland Mainland,Edinburgh - Craigmillar Emergency,Enabled,
Add,242-715-2166,TR Search Emergency Scotland Mainland,Edinburgh - Niddrie Emergency,Enabled,
Add,242-715-2166,TR Search Emergency Scotland Mainland,Edinburgh - Duddingston Emergency,Enabled,
Add,242-715-2166,TR Search Emergency Scotland Mainland,Edinburgh - Prestonfield Emergency,Enabled,
Add,242-715-2166,TR Search Emergency Scotland Mainland,Edinburgh - Fairmilehead Emergency,Enabled,
Add,242-715-2166,TR Search Emergency Scotland Mainland,Edinburgh - Colinton Emergency,Enabled,
Add,242-715-2166,TR Search Emergency Scotland Mainland,Edinburgh - Oxgangs Emergency,Enabled,
Add,242-715-2166,TR Search Emergency Scotland Mainland,Edinburgh - Lasswade Emergency,Enabled,
Add,242-715-2166,TR Search Emergency Scotland Mainland,Edinburgh - Roslin Emergency,Enabled,
Add,242-715-2166,TR Search Emergency Scotland Mainland,Edinburgh - Tranent Emergency,Enabled,
Add,242-715-2166,TR Search Emergency Scotland Mainland,Edinburgh - Haddington Emergency,Enabled,
Add,242-715-2166,TR Search Emergency Scotland Mainland,Edinburgh - Kirkliston Emergency,Enabled,
Add,242-715-2166,TR Search Emergency Scotland Mainland,Edinburgh - Broxburn Emergency,Enabled,
Add,242-715-2166,TR Search Emergency Scotland Mainland,Edinburgh - Bathgate Emergency,Enabled,
Add,242-715-2166,TR Search Emergency Scotland Mainland,Edinburgh - Linlithgow Emergency,Enabled,
Add,242-715-2166,TR Search Emergency Scotland Mainland,Edinburgh - Old Town Emergency,Enabled,
Add,242-715-2166,TR Search Emergency Scotland Mainland,Edinburgh - New Town Emergency,Enabled,
Add,242-715-2166,TR Search Emergency Scotland Mainland,Edinburgh - Craigentinny Emergency,Enabled,
Add,242-715-2166,TR Search Emergency Scotland Mainland,Edinburgh - Abbeyhill Emergency,Enabled,
Add,242-715-2166,TR Search Emergency Scotland Mainland,Edinburgh - Meadowbank Emergency,Enabled,
Add,242-715-2166,TR Search Emergency Scotland Mainland,Edinburgh - Dean Village Emergency,Enabled,
Add,242-715-2166,TR Search Emergency Scotland Mainland,Edinburgh - Comely Bank Emergency,Enabled,
Add,242-715-2166,TR Search Emergency Scotland Mainland,Edinburgh - Inverleith Emergency,Enabled,
Add,242-715-2166,TR Search Emergency Scotland Mainland,Edinburgh - Bonnington Emergency,Enabled,
Add,242-715-2166,TR Search Emergency Scotland Mainland,Edinburgh - Lochend Emergency,Enabled,
Add,242-715-2166,TR Search Emergency Scotland Mainland,Edinburgh - Easter Road Emergency,Enabled,
Add,242-715-2166,TR Search Emergency Scotland Mainland,Edinburgh - Restalrig Emergency,Enabled,
Add,242-715-2166,TR Search Emergency Scotland Mainland,Edinburgh - Willowbrae Emergency,Enabled,
Add,242-715-2166,TR Search Emergency Scotland Mainland,Edinburgh - Sighthill Emergency,Enabled,
Add,242-715-2166,TR Search Emergency Scotland Mainland,Edinburgh - Wester Hailes Emergency,Enabled,
Add,242-715-2166,TR Search Emergency Scotland Mainland,Edinburgh - Stenhouse Emergency,Enabled,
Add,242-715-2166,TR Search Emergency Scotland Mainland,Edinburgh - Murrayfield Emergency,Enabled,
Add,242-715-2166,TR Search Emergency Scotland Mainland,Edinburgh - Ravelston Emergency,Enabled,
Add,242-715-2166,TR Search Emergency Scotland Mainland,Edinburgh - Clermiston Emergency,Enabled,
Add,242-715-2166,TR Search Emergency Scotland Mainland,Edinburgh - Drumbrae Emergency,Enabled,
Add,242-715-2166,TR Search Emergency Scotland Mainland,Edinburgh - South Gyle Emergency,Enabled,
Add,242-715-2166,TR Search Emergency Scotland Mainland,Edinburgh - Gorebridge Emergency,Enabled,
Add,242-715-2166,TR Search Emergency Scotland Mainland,Edinburgh - North Berwick Emergency,Enabled,
Add,242-715-2166,TR Search Emergency Scotland Mainland,Edinburgh - Dunbar Emergency,Enabled,
Add,242-715-2166,TR Search Emergency Scotland Mainland,Edinburgh - Warriston Emergency,Enabled,
Add,242-715-2166,TR Search Emergency Scotland Mainland,Edinburgh - Jock's Lodge Emergency,Enabled,
Add,242-715-2166,TR Search Emergency Scotland Mainland,Edinburgh - Swanston Emergency,Enabled,
Add,242-715-2166,TR Search Emergency Scotland Mainland,Edinburgh - Dreghorn Emergency,Enabled,
Add,242-715-2166,TR Search Emergency Scotland Mainland,Edinburgh - Mountcastle Emergency,Enabled,
Add,242-715-2166,TR Search Emergency Scotland Mainland,Edinburgh - Pathhead Emergency,Enabled,
Add,242-715-2166,TR Search Emergency Scotland Mainland,Edinburgh - Prestonpans Emergency,Enabled,
Add,242-715-2166,TR Search Emergency Scotland Mainland,Edinburgh - Wallyford Emergency,Enabled,
Add,242-715-2166,TR Search Emergency Scotland Mainland,Edinburgh - Newtongrange Emergency,Enabled,
Add,242-715-2166,TR Search Emergency Scotland Mainland,Edinburgh - Danderhall Emergency,Enabled,
Add,242-715-2166,TR Search Emergency Scotland Mainland,Edinburgh - Longniddry Emergency,Enabled,
Add,242-715-2166,TR Search Emergency Scotland Mainland,Dundee - Emergency 24-7,Enabled,
Add,242-715-2166,TR Search Emergency Scotland Mainland,Dundee - Flat Tyre Call,Enabled,
Add,242-715-2166,TR Search Emergency Scotland Mainland,Dundee - Broughty Ferry Emergency,Enabled,
Add,242-715-2166,TR Search Emergency Scotland Mainland,Dundee - Monifieth Emergency,Enabled,
Add,242-715-2166,TR Search Emergency Scotland Mainland,Dundee - Carnoustie Emergency,Enabled,
Add,242-715-2166,TR Search Emergency Scotland Mainland,Dundee - Arbroath Emergency,Enabled,
Add,242-715-2166,TR Search Emergency Scotland Mainland,Dundee - Forfar Emergency,Enabled,
Add,242-715-2166,TR Search Emergency Scotland Mainland,Dundee - Scone Emergency,Enabled,
Add,242-715-2166,TR Search Emergency Scotland Mainland,Dundee - Coupar Angus Emergency,Enabled,
Add,242-715-2166,TR Search Emergency Scotland Mainland,Dundee - Blairgowrie Emergency,Enabled,
Add,242-715-2166,TR Search Emergency Scotland Mainland,Dundee - Lochee Emergency,Enabled,
Add,242-715-2166,TR Search Emergency Scotland Mainland,Dundee - Downfield Emergency,Enabled,
Add,242-715-2166,TR Search Emergency Scotland Mainland,Dundee - Menzieshill Emergency,Enabled,
Add,242-715-2166,TR Search Emergency Scotland Mainland,Dundee - Charleston Emergency,Enabled,
Add,242-715-2166,TR Search Emergency Scotland Mainland,Dundee - Fintry Emergency,Enabled,
Add,242-715-2166,TR Search Emergency Scotland Mainland,Dundee - Whitfield Emergency,Enabled,
Add,242-715-2166,TR Search Emergency Scotland Mainland,Dundee - Douglas Emergency,Enabled,
Add,242-715-2166,TR Search Emergency Scotland Mainland,Dundee - Stobswell Emergency,Enabled,
Add,242-715-2166,TR Search Emergency Scotland Mainland,Dundee - Hilltown Emergency,Enabled,
Add,242-715-2166,TR Search Emergency Scotland Mainland,Dundee - Invergowrie Emergency,Enabled,
Add,242-715-2166,TR Search Emergency Scotland Mainland,Dundee - Longforgan Emergency,Enabled,
Add,242-715-2166,TR Search Emergency Scotland Mainland,Dundee - Errol Emergency,Enabled,
Add,242-715-2166,TR Search Emergency Scotland Mainland,Dundee - Inchture Emergency,Enabled,
Add,242-715-2166,TR Search Emergency Scotland Mainland,Dundee - West End Emergency,Enabled,
Add,242-715-2166,TR Search Emergency Scotland Mainland,Dundee - Barnhill Emergency,Enabled,
Add,242-715-2166,TR Search Emergency Scotland Mainland,Dundee - Tayport Emergency,Enabled,
Add,242-715-2166,TR Search Emergency Scotland Mainland,Dundee - Newport-on-Tay Emergency,Enabled,
Add,242-715-2166,TR Search Emergency Scotland Mainland,Dundee - Wormit Emergency,Enabled,
Add,242-715-2166,TR Search Emergency Scotland Mainland,Dundee - Brechin Emergency,Enabled,
Add,242-715-2166,TR Search Emergency Scotland Mainland,Dundee - Montrose Emergency,Enabled,
Add,242-715-2166,TR Search Emergency Scotland Mainland,Dundee - Kirriemuir Emergency,Enabled,
Add,242-715-2166,TR Search Emergency Scotland Mainland,Dundee - Mid Craigie Emergency,Enabled,
Add,242-715-2166,TR Search Emergency Scotland Mainland,Dundee - Strathmartine Emergency,Enabled,
Add,242-715-2166,TR Search Emergency Scotland Mainland,Dundee - City Quay Emergency,Enabled,
Add,242-715-2166,TR Search Emergency Scotland Mainland,Dundee - Caird Park Emergency,Enabled,
Add,242-715-2166,TR Search Emergency Scotland Mainland,Dundee - Ardler Emergency,Enabled,
Add,242-715-2166,TR Search Emergency Scotland Mainland,Dundee - Kirkton Emergency,Enabled,
Add,242-715-2166,TR Search Emergency Scotland Mainland,Dundee - Ninewells Emergency,Enabled,
Add,242-715-2166,TR Search Emergency Scotland Mainland,Dundee - Balgay Emergency,Enabled,
Add,242-715-2166,TR Search Emergency Scotland Mainland,Dundee - Blackness Emergency,Enabled,
Add,242-715-2166,TR Search Emergency Scotland Mainland,Dundee - Claverhouse Emergency,Enabled,
Add,242-715-2166,TR Search Emergency Scotland Mainland,Dundee - Dryburgh Emergency,Enabled,
Add,242-715-2166,TR Search Emergency Scotland Mainland,Dundee - Baxter Park Emergency,Enabled,
Add,242-715-2166,TR Search Emergency Scotland Mainland,Dundee - Stannergate Emergency,Enabled,
Add,242-715-2166,TR Search Emergency Scotland Mainland,Dundee - Baldovie Emergency,Enabled,
Add,242-715-2166,TR Search Emergency Scotland Mainland,Dundee - St Mary's Emergency,Enabled,
Add,242-715-2166,TR Search Emergency Scotland Mainland,Dundee - Mains of Fintry Emergency,Enabled,
Add,242-715-2166,TR Search Emergency Scotland Mainland,Dundee - Trottick Emergency,Enabled,
Add,242-715-2166,TR Search Emergency Scotland Mainland,Dundee - Muirhead Emergency,Enabled,
Add,242-715-2166,TR Search Emergency Scotland Mainland,Dundee - Auchterhouse Emergency,Enabled,
Add,242-715-2166,TR Search Emergency Scotland Mainland,Dundee - Tealing Emergency,Enabled,
Add,242-715-2166,TR Search Emergency Scotland Mainland,Dundee - Ferry Road Emergency,Enabled,
Add,242-715-2166,TR Search Emergency Scotland Mainland,Dundee - Law Hill Emergency,Enabled,
Add,242-715-2166,TR Search Emergency Scotland Mainland,Dundee - Birkhill Emergency,Enabled,
Add,242-715-2166,TR Search Emergency Scotland Mainland,Dundee - Piperdam Emergency,Enabled,
Add,242-715-2166,TR Search Emergency Scotland Mainland,Dundee - St Andrews Emergency,Enabled,
Add,242-715-2166,TR Search Emergency Scotland Mainland,Dundee - Cupar Emergency,Enabled,
Add,242-715-2166,TR Search Emergency Scotland Mainland,Dundee - Leuchars Emergency,Enabled,
Add,242-715-2166,TR Search Emergency Scotland Mainland,Stirling - Emergency 24-7,Enabled,
Add,242-715-2166,TR Search Emergency Scotland Mainland,Stirling - Flat Tyre Call,Enabled,
Add,242-715-2166,TR Search Emergency Scotland Mainland,Stirling - Bridge of Allan Emergency,Enabled,
Add,242-715-2166,TR Search Emergency Scotland Mainland,Stirling - Causewayhead Emergency,Enabled,
Add,242-715-2166,TR Search Emergency Scotland Mainland,Stirling - Bannockburn Emergency,Enabled,
Add,242-715-2166,TR Search Emergency Scotland Mainland,Stirling - Dunblane Emergency,Enabled,
Add,242-715-2166,TR Search Emergency Scotland Mainland,Stirling - Alloa Emergency,Enabled,
Add,242-715-2166,TR Search Emergency Scotland Mainland,Stirling - Tillicoultry Emergency,Enabled,
Add,242-715-2166,TR Search Emergency Scotland Mainland,Stirling - Dollar Emergency,Enabled,
Add,242-715-2166,TR Search Emergency Scotland Mainland,Stirling - Clackmannan Emergency,Enabled,
Add,242-715-2166,TR Search Emergency Scotland Mainland,Stirling - Menstrie Emergency,Enabled,
Add,242-715-2166,TR Search Emergency Scotland Mainland,Stirling - Blairlogie Emergency,Enabled,
Add,242-715-2166,TR Search Emergency Scotland Mainland,Stirling - Raploch Emergency,Enabled,
Add,242-715-2166,TR Search Emergency Scotland Mainland,Stirling - St Ninians Emergency,Enabled,
Add,242-715-2166,TR Search Emergency Scotland Mainland,Stirling - Cambusbarron Emergency,Enabled,
Add,242-715-2166,TR Search Emergency Scotland Mainland,Stirling - Cowie Emergency,Enabled,
Add,242-715-2166,TR Search Emergency Scotland Mainland,Stirling - Plean Emergency,Enabled,
Add,242-715-2166,TR Search Emergency Scotland Mainland,Stirling - Callander Emergency,Enabled,
Add,242-715-2166,TR Search Emergency Scotland Mainland,Stirling - Doune Emergency,Enabled,
Add,242-715-2166,TR Search Emergency Scotland Mainland,Stirling - Alva Emergency,Enabled,
Add,242-715-2166,TR Search Emergency Scotland Mainland,Stirling - Tullibody Emergency,Enabled,
Add,242-715-2166,TR Search Emergency Scotland Mainland,Stirling - Sauchie Emergency,Enabled,
Add,242-715-2166,TR Search Emergency Scotland Mainland,Stirling - Kippen Emergency,Enabled,
Add,242-715-2166,TR Search Emergency Scotland Mainland,Stirling - Balfron Emergency,Enabled,
Add,242-715-2166,TR Search Emergency Scotland Mainland,Stirling - Aberfoyle Emergency,Enabled,
Add,242-715-2166,TR Search Emergency Scotland Mainland,Stirling - Cornton Emergency,Enabled,
Add,242-715-2166,TR Search Emergency Scotland Mainland,Stirling - Throsk Emergency,Enabled,
Add,242-715-2166,TR Search Emergency Scotland Mainland,Falkirk - Emergency 24-7,Enabled,
Add,242-715-2166,TR Search Emergency Scotland Mainland,Falkirk - Flat Tyre Call,Enabled,
Add,242-715-2166,TR Search Emergency Scotland Mainland,Falkirk - Grangemouth Emergency,Enabled,
Add,242-715-2166,TR Search Emergency Scotland Mainland,Falkirk - Bo'ness Emergency,Enabled,
Add,242-715-2166,TR Search Emergency Scotland Mainland,Falkirk - Denny Emergency,Enabled,
Add,242-715-2166,TR Search Emergency Scotland Mainland,Falkirk - Stenhousemuir Emergency,Enabled,
Add,242-715-2166,TR Search Emergency Scotland Mainland,Falkirk - Polmont Emergency,Enabled,
Add,242-715-2166,TR Search Emergency Scotland Mainland,Falkirk - Larbert Emergency,Enabled,
Add,242-715-2166,TR Search Emergency Scotland Mainland,Falkirk - Camelon Emergency,Enabled,
Add,242-715-2166,TR Search Emergency Scotland Mainland,Falkirk - Bainsford Emergency,Enabled,
Add,242-715-2166,TR Search Emergency Scotland Mainland,Falkirk - Laurieston Emergency,Enabled,
Add,242-715-2166,TR Search Emergency Scotland Mainland,Falkirk - California Emergency,Enabled,
Add,242-715-2166,TR Search Emergency Scotland Mainland,Falkirk - Head of Muir Emergency,Enabled,
Add,242-715-2166,TR Search Emergency Scotland Mainland,Falkirk - Shieldhill Emergency,Enabled,
Add,242-715-2166,TR Search Emergency Scotland Mainland,Falkirk - Banknock Emergency,Enabled,
Add,242-715-2166,TR Search Emergency Scotland Mainland,Falkirk - Brightons Emergency,Enabled,
Add,242-715-2166,TR Search Emergency Scotland Mainland,Falkirk - Maddiston Emergency,Enabled,
Add,242-715-2166,TR Search Emergency Scotland Mainland,Falkirk - Slamannan Emergency,Enabled,
Add,242-715-2166,TR Search Emergency Scotland Mainland,Falkirk - Airth Emergency,Enabled,
Add,242-715-2166,TR Search Emergency Scotland Mainland,Falkirk - Hallglen Emergency,Enabled,
Add,242-715-2166,TR Search Emergency Scotland Mainland,Falkirk - Westquarter Emergency,Enabled,
Add,242-715-2166,TR Search Emergency Scotland Mainland,Falkirk - Bonnybridge Emergency,Enabled,
Add,242-715-2166,TR Search Emergency Scotland Mainland,Falkirk - Redding Emergency,Enabled,
Add,242-715-2166,TR Search Emergency Scotland Mainland,Falkirk - Carron Emergency,Enabled,
Add,242-715-2166,TR Search Emergency Scotland Mainland,Paisley - Emergency 24-7,Enabled,
Add,242-715-2166,TR Search Emergency Scotland Mainland,Paisley - Flat Tyre Call,Enabled,
Add,242-715-2166,TR Search Emergency Scotland Mainland,Paisley - Renfrew Emergency,Enabled,
Add,242-715-2166,TR Search Emergency Scotland Mainland,Paisley - Johnstone Emergency,Enabled,
Add,242-715-2166,TR Search Emergency Scotland Mainland,Paisley - Linwood Emergency,Enabled,
Add,242-715-2166,TR Search Emergency Scotland Mainland,Paisley - Ferguslie Park Emergency,Enabled,
Add,242-715-2166,TR Search Emergency Scotland Mainland,Paisley - Foxbar Emergency,Enabled,
Add,242-715-2166,TR Search Emergency Scotland Mainland,Paisley - Gallowhill Emergency,Enabled,
Add,242-715-2166,TR Search Emergency Scotland Mainland,Paisley - Shortroods Emergency,Enabled,
Add,242-715-2166,TR Search Emergency Scotland Mainland,Paisley - Glenburn Emergency,Enabled,
Add,242-715-2166,TR Search Emergency Scotland Mainland,Paisley - Seedhill Emergency,Enabled,
Add,242-715-2166,TR Search Emergency Scotland Mainland,Paisley - Ralston Emergency,Enabled,
Add,242-715-2166,TR Search Emergency Scotland Mainland,Paisley - Bridge of Weir Emergency,Enabled,
Add,242-715-2166,TR Search Emergency Scotland Mainland,Paisley - Kilbarchan Emergency,Enabled,
Add,242-715-2166,TR Search Emergency Scotland Mainland,Paisley - Howwood Emergency,Enabled,
Add,242-715-2166,TR Search Emergency Scotland Mainland,Paisley - Bishopton Emergency,Enabled,
Add,242-715-2166,TR Search Emergency Scotland Mainland,Paisley - Houston Emergency,Enabled,
Add,242-715-2166,TR Search Emergency Scotland Mainland,Paisley - Lochwinnoch Emergency,Enabled,
Add,242-715-2166,TR Search Emergency Scotland Mainland,Paisley - Inchinnan Emergency,Enabled,
Add,242-715-2166,TR Search Emergency Scotland Mainland,Paisley - Langbank Emergency,Enabled,
Add,242-715-2166,TR Search Emergency Scotland Mainland,Paisley - Brookfield Emergency,Enabled,
Add,242-715-2166,TR Search Emergency Scotland Mainland,Paisley - Crosslee Emergency,Enabled,
Add,242-715-2166,TR Search Emergency Scotland Mainland,Hamilton - Emergency 24-7,Enabled,
Add,242-715-2166,TR Search Emergency Scotland Mainland,Hamilton - Flat Tyre Call,Enabled,
Add,242-715-2166,TR Search Emergency Scotland Mainland,Hamilton - Larkhall Emergency,Enabled,
Add,242-715-2166,TR Search Emergency Scotland Mainland,Hamilton - Wishaw Emergency,Enabled,
Add,242-715-2166,TR Search Emergency Scotland Mainland,Hamilton - Motherwell Emergency,Enabled,
Add,242-715-2166,TR Search Emergency Scotland Mainland,Hamilton - Quarter Emergency,Enabled,
Add,242-715-2166,TR Search Emergency Scotland Mainland,Hamilton - Ferniegair Emergency,Enabled,
Add,242-715-2166,TR Search Emergency Scotland Mainland,Hamilton - Bothwell Emergency,Enabled,
Add,242-715-2166,TR Search Emergency Scotland Mainland,Hamilton - Blantyre Emergency,Enabled,
Add,242-715-2166,TR Search Emergency Scotland Mainland,Hamilton - Burnbank Emergency,Enabled,
Add,242-715-2166,TR Search Emergency Scotland Mainland,Hamilton - Hillhouse Emergency,Enabled,
Add,242-715-2166,TR Search Emergency Scotland Mainland,Hamilton - Meikle Earnock Emergency,Enabled,
Add,242-715-2166,TR Search Emergency Scotland Mainland,Hamilton - Stonehouse Emergency,Enabled,
Add,242-715-2166,TR Search Emergency Scotland Mainland,Hamilton - Strathaven Emergency,Enabled,
Add,242-715-2166,TR Search Emergency Scotland Mainland,Hamilton - High Blantyre Emergency,Enabled,
Add,242-715-2166,TR Search Emergency Scotland Mainland,Hamilton - Dalserf Emergency,Enabled,
Add,242-715-2166,TR Search Emergency Scotland Mainland,Hamilton - Eddlewood Emergency,Enabled,
Add,242-715-2166,TR Search Emergency Scotland Mainland,Hamilton - Whitehill Emergency,Enabled,
Add,242-715-2166,TR Search Emergency Scotland Mainland,Hamilton - Udston Emergency,Enabled,
Add,242-715-2166,TR Search Emergency Scotland Mainland,Hamilton - Cadzow Emergency,Enabled,
Add,242-715-2166,TR Search Emergency Scotland Mainland,Hamilton - Lesmahagow Emergency,Enabled,
Add,242-715-2166,TR Search Emergency Scotland Mainland,Hamilton - Carluke Emergency,Enabled,
Add,242-715-2166,TR Search Emergency Scotland Mainland,Hamilton - Lanark Emergency,Enabled,
Add,242-715-2166,TR Search Emergency Scotland Mainland,East Kilbride - Emergency 24-7,Enabled,
Add,242-715-2166,TR Search Emergency Scotland Mainland,East Kilbride - Flat Tyre Call,Enabled,
Add,242-715-2166,TR Search Emergency Scotland Mainland,East Kilbride - Westwood Emergency,Enabled,
Add,242-715-2166,TR Search Emergency Scotland Mainland,East Kilbride - Hairmyres Emergency,Enabled,
Add,242-715-2166,TR Search Emergency Scotland Mainland,East Kilbride - The Village Emergency,Enabled,
Add,242-715-2166,TR Search Emergency Scotland Mainland,East Kilbride - St Leonards Emergency,Enabled,
Add,242-715-2166,TR Search Emergency Scotland Mainland,East Kilbride - Calderwood Emergency,Enabled,
Add,242-715-2166,TR Search Emergency Scotland Mainland,East Kilbride - Nerston Emergency,Enabled,
Add,242-715-2166,TR Search Emergency Scotland Mainland,East Kilbride - Claremont Emergency,Enabled,
Add,242-715-2166,TR Search Emergency Scotland Mainland,East Kilbride - Stewartfield Emergency,Enabled,
Add,242-715-2166,TR Search Emergency Scotland Mainland,East Kilbride - Chapelton Emergency,Enabled,
Add,242-715-2166,TR Search Emergency Scotland Mainland,East Kilbride - Jackton Emergency,Enabled,
Add,242-715-2166,TR Search Emergency Scotland Mainland,East Kilbride - Mossneuk Emergency,Enabled,
Add,242-715-2166,TR Search Emergency Scotland Mainland,East Kilbride - Thorntonhall Emergency,Enabled,
Add,242-715-2166,TR Search Emergency Scotland Mainland,East Kilbride - Whitehills Emergency,Enabled,
Add,242-715-2166,TR Search Emergency Scotland Mainland,East Kilbride - Lindsayfield Emergency,Enabled,
Add,242-715-2166,TR Search Emergency Scotland Mainland,East Kilbride - Gardenhall Emergency,Enabled,
Add,242-715-2166,TR Search Emergency Scotland Mainland,East Kilbride - Eaglesham Emergency,Enabled,
Add,242-715-2166,TR Search Emergency Scotland Mainland,East Kilbride - Murray Emergency,Enabled,
Add,242-715-2166,TR Search Emergency Scotland Mainland,Motherwell - Emergency 24-7,Enabled,
Add,242-715-2166,TR Search Emergency Scotland Mainland,Motherwell - Flat Tyre Call,Enabled,
Add,242-715-2166,TR Search Emergency Scotland Mainland,Motherwell - Wishaw Emergency,Enabled,
Add,242-715-2166,TR Search Emergency Scotland Mainland,Motherwell - Bellshill Emergency,Enabled,
Add,242-715-2166,TR Search Emergency Scotland Mainland,Motherwell - Newarthill Emergency,Enabled,
Add,242-715-2166,TR Search Emergency Scotland Mainland,Motherwell - Carfin Emergency,Enabled,
Add,242-715-2166,TR Search Emergency Scotland Mainland,Motherwell - Cleland Emergency,Enabled,
Add,242-715-2166,TR Search Emergency Scotland Mainland,Motherwell - Holytown Emergency,Enabled,
Add,242-715-2166,TR Search Emergency Scotland Mainland,Motherwell - Shotts Emergency,Enabled,
Add,242-715-2166,TR Search Emergency Scotland Mainland,Motherwell - Overtown Emergency,Enabled,
Add,242-715-2166,TR Search Emergency Scotland Mainland,Motherwell - Larkhall Emergency,Enabled,
Add,242-715-2166,TR Search Emergency Scotland Mainland,Motherwell - Law Emergency,Enabled,
Add,242-715-2166,TR Search Emergency Scotland Mainland,Motherwell - Forgewood Emergency,Enabled,
Add,242-715-2166,TR Search Emergency Scotland Mainland,Motherwell - Craigneuk Emergency,Enabled,
Add,242-715-2166,TR Search Emergency Scotland Mainland,Motherwell - North Motherwell Emergency,Enabled,
Add,242-715-2166,TR Search Emergency Scotland Mainland,Motherwell - Mossend Emergency,Enabled,
Add,242-715-2166,TR Search Emergency Scotland Mainland,Motherwell - Cambusnethan Emergency,Enabled,
Add,242-715-2166,TR Search Emergency Scotland Mainland,Motherwell - Netherton Emergency,Enabled,
Add,242-715-2166,TR Search Emergency Scotland Mainland,Motherwell - Newmains Emergency,Enabled,
Add,242-715-2166,TR Search Emergency Scotland Mainland,Motherwell - Chapelhall Emergency,Enabled,
Add,242-715-2166,TR Search Emergency Scotland Mainland,Motherwell - Plains Emergency,Enabled,
Add,242-715-2166,TR Search Emergency Scotland Mainland,Motherwell - Harthill Emergency,Enabled,
Add,242-715-2166,TR Search Emergency Scotland Mainland,Livingston - Emergency 24-7,Enabled,
Add,242-715-2166,TR Search Emergency Scotland Mainland,Livingston - Flat Tyre Call,Enabled,
Add,242-715-2166,TR Search Emergency Scotland Mainland,Livingston - Almondvale Emergency,Enabled,
Add,242-715-2166,TR Search Emergency Scotland Mainland,Livingston - Craigshill Emergency,Enabled,
Add,242-715-2166,TR Search Emergency Scotland Mainland,Livingston - Dedridge Emergency,Enabled,
Add,242-715-2166,TR Search Emergency Scotland Mainland,Livingston - Knightsridge Emergency,Enabled,
Add,242-715-2166,TR Search Emergency Scotland Mainland,Livingston - Ladywell Emergency,Enabled,
Add,242-715-2166,TR Search Emergency Scotland Mainland,Livingston - Eliburn Emergency,Enabled,
Add,242-715-2166,TR Search Emergency Scotland Mainland,Livingston - Bathgate Emergency,Enabled,
Add,242-715-2166,TR Search Emergency Scotland Mainland,Livingston - Armadale Emergency,Enabled,
Add,242-715-2166,TR Search Emergency Scotland Mainland,Livingston - Whitburn Emergency,Enabled,
Add,242-715-2166,TR Search Emergency Scotland Mainland,Livingston - Stoneyburn Emergency,Enabled,
Add,242-715-2166,TR Search Emergency Scotland Mainland,Livingston - Howden Emergency,Enabled,
Add,242-715-2166,TR Search Emergency Scotland Mainland,Livingston - Murieston Emergency,Enabled,
Add,242-715-2166,TR Search Emergency Scotland Mainland,Livingston - Uphall Emergency,Enabled,
Add,242-715-2166,TR Search Emergency Scotland Mainland,Livingston - Deans Emergency,Enabled,
Add,242-715-2166,TR Search Emergency Scotland Mainland,Livingston - Pumpherston Emergency,Enabled,
Add,242-715-2166,TR Search Emergency Scotland Mainland,Livingston - Mid Calder Emergency,Enabled,
Add,242-715-2166,TR Search Emergency Scotland Mainland,Livingston - East Calder Emergency,Enabled,
Add,242-715-2166,TR Search Emergency Scotland Mainland,Livingston - Blackburn Emergency,Enabled,
Add,242-715-2166,TR Search Emergency Scotland Mainland,Livingston - Fauldhouse Emergency,Enabled,
Add,242-715-2166,TR Search Emergency Scotland Mainland,Livingston - West Calder Emergency,Enabled,
Add,242-715-2166,TR Search Emergency Scotland Mainland,Livingston - Winchburgh Emergency,Enabled,
Add,242-715-2166,TR Search Emergency Scotland Mainland,Kirkcaldy - Emergency 24-7,Enabled,
Add,242-715-2166,TR Search Emergency Scotland Mainland,Kirkcaldy - Flat Tyre Call,Enabled,
Add,242-715-2166,TR Search Emergency Scotland Mainland,Kirkcaldy - Glenrothes Emergency,Enabled,
Add,242-715-2166,TR Search Emergency Scotland Mainland,Kirkcaldy - Dunfermline Emergency,Enabled,
Add,242-715-2166,TR Search Emergency Scotland Mainland,Kirkcaldy - Burntisland Emergency,Enabled,
Add,242-715-2166,TR Search Emergency Scotland Mainland,Kirkcaldy - Methil Emergency,Enabled,
Add,242-715-2166,TR Search Emergency Scotland Mainland,Kirkcaldy - Leven Emergency,Enabled,
Add,242-715-2166,TR Search Emergency Scotland Mainland,Kirkcaldy - Dysart Emergency,Enabled,
Add,242-715-2166,TR Search Emergency Scotland Mainland,Kirkcaldy - Pathhead Emergency,Enabled,
Add,242-715-2166,TR Search Emergency Scotland Mainland,Kirkcaldy - Sinclairtown Emergency,Enabled,
Add,242-715-2166,TR Search Emergency Scotland Mainland,Kirkcaldy - Cowdenbeath Emergency,Enabled,
Add,242-715-2166,TR Search Emergency Scotland Mainland,Kirkcaldy - Lochgelly Emergency,Enabled,
Add,242-715-2166,TR Search Emergency Scotland Mainland,Kirkcaldy - Buckhaven Emergency,Enabled,
Add,242-715-2166,TR Search Emergency Scotland Mainland,Kirkcaldy - Kennoway Emergency,Enabled,
Add,242-715-2166,TR Search Emergency Scotland Mainland,Kirkcaldy - Kinghorn Emergency,Enabled,
Add,242-715-2166,TR Search Emergency Scotland Mainland,Kirkcaldy - Cardenden Emergency,Enabled,
Add,242-715-2166,TR Search Emergency Scotland Mainland,Kirkcaldy - Thornton Emergency,Enabled,
Add,242-715-2166,TR Search Emergency Scotland Mainland,Kirkcaldy - Markinch Emergency,Enabled,
Add,242-715-2166,TR Search Emergency Scotland Mainland,Kirkcaldy - Leslie Emergency,Enabled,
Add,242-715-2166,TR Search Emergency Scotland Mainland,Kirkcaldy - East Wemyss Emergency,Enabled,
Add,242-715-2166,TR Search Emergency Scotland Mainland,Kirkcaldy - Anstruther Emergency,Enabled,
Add,242-715-2166,TR Search Emergency Scotland Mainland,Kirkcaldy - Pittenweem Emergency,Enabled,
Add,242-715-2166,TR Search Emergency Scotland Mainland,Kirkcaldy - St Monans Emergency,Enabled,
Add,242-715-2166,TR Search Emergency Scotland Mainland,Kirkcaldy - Crail Emergency,Enabled,
Add,242-715-2166,TR Search Emergency Scotland Mainland,Perth - Emergency 24-7,Enabled,
Add,242-715-2166,TR Search Emergency Scotland Mainland,Perth - Flat Tyre Call,Enabled,
Add,242-715-2166,TR Search Emergency Scotland Mainland,Perth - Scone Emergency,Enabled,
Add,242-715-2166,TR Search Emergency Scotland Mainland,Perth - Kinnoull Emergency,Enabled,
Add,242-715-2166,TR Search Emergency Scotland Mainland,Perth - Bridgend Emergency,Enabled,
Add,242-715-2166,TR Search Emergency Scotland Mainland,Perth - Craigie Emergency,Enabled,
Add,242-715-2166,TR Search Emergency Scotland Mainland,Perth - Letham Emergency,Enabled,
Add,242-715-2166,TR Search Emergency Scotland Mainland,Perth - Crieff Emergency,Enabled,
Add,242-715-2166,TR Search Emergency Scotland Mainland,Perth - Auchterarder Emergency,Enabled,
Add,242-715-2166,TR Search Emergency Scotland Mainland,Perth - Kinross Emergency,Enabled,
Add,242-715-2166,TR Search Emergency Scotland Mainland,Perth - Pitlochry Emergency,Enabled,
Add,242-715-2166,TR Search Emergency Scotland Mainland,Perth - Aberfeldy Emergency,Enabled,
Add,242-715-2166,TR Search Emergency Scotland Mainland,Perth - Methven Emergency,Enabled,
Add,242-715-2166,TR Search Emergency Scotland Mainland,Perth - Luncarty Emergency,Enabled,
Add,242-715-2166,TR Search Emergency Scotland Mainland,Perth - Stanley Emergency,Enabled,
Add,242-715-2166,TR Search Emergency Scotland Mainland,Perth - North Muirton Emergency,Enabled,
Add,242-715-2166,TR Search Emergency Scotland Mainland,Perth - Inveralmond Emergency,Enabled,
Add,242-715-2166,TR Search Emergency Scotland Mainland,Perth - Blairgowrie Emergency,Enabled,
Add,242-715-2166,TR Search Emergency Scotland Mainland,Perth - Coupar Angus Emergency,Enabled,
Add,242-715-2166,TR Search Emergency Scotland Mainland,Perth - Bridge of Earn Emergency,Enabled,
Add,242-715-2166,TR Search Emergency Scotland Mainland,Perth - Dunkeld Emergency,Enabled,
Add,242-715-2166,TR Search Emergency Scotland Mainland,Cumbernauld - Emergency 24-7,Enabled,
Add,242-715-2166,TR Search Emergency Scotland Mainland,Cumbernauld - Flat Tyre Call,Enabled,
Add,242-715-2166,TR Search Emergency Scotland Mainland,Cumbernauld - Condorrat Emergency,Enabled,
Add,242-715-2166,TR Search Emergency Scotland Mainland,Cumbernauld - Abronhill Emergency,Enabled,
Add,242-715-2166,TR Search Emergency Scotland Mainland,Cumbernauld - Kildrum Emergency,Enabled,
Add,242-715-2166,TR Search Emergency Scotland Mainland,Cumbernauld - Seafar Emergency,Enabled,
Add,242-715-2166,TR Search Emergency Scotland Mainland,Cumbernauld - Carbrain Emergency,Enabled,
Add,242-715-2166,TR Search Emergency Scotland Mainland,Cumbernauld - Kilsyth Emergency,Enabled,
Add,242-715-2166,TR Search Emergency Scotland Mainland,Cumbernauld - Queenzieburn Emergency,Enabled,
Add,242-715-2166,TR Search Emergency Scotland Mainland,Cumbernauld - Greenfaulds Emergency,Enabled,
Add,242-715-2166,TR Search Emergency Scotland Mainland,Cumbernauld - Balloch Emergency,Enabled,
Add,242-715-2166,TR Search Emergency Scotland Mainland,Cumbernauld - Westfield Emergency,Enabled,
Add,242-715-2166,TR Search Emergency Scotland Mainland,Cumbernauld - Wardpark Emergency,Enabled,
Add,242-715-2166,TR Search Emergency Scotland Mainland,Cumbernauld - Cumbernauld Village Emergency,Enabled,
Add,242-715-2166,TR Search Emergency Scotland Mainland,Cumbernauld - Westerwood Emergency,Enabled,
Add,242-715-2166,TR Search Emergency Scotland Mainland,Cumbernauld - Dullatur Emergency,Enabled,
Add,242-715-2166,TR Search Emergency Scotland Mainland,Cumbernauld - Banton Emergency,Enabled,
Add,242-715-2166,TR Search Emergency Scotland Mainland,Cumbernauld - Castlecary Emergency,Enabled,
Add,242-715-2166,TR Search Emergency Scotland Mainland,Cumbernauld - Croy Emergency,Enabled,
Add,242-715-2166,TR Search Emergency Scotland Mainland,Cumbernauld - Twechar Emergency,Enabled,
Add,242-715-2166,TR Search Emergency Scotland Mainland,Dumfries - Emergency 24-7,Enabled,
Add,242-715-2166,TR Search Emergency Scotland Mainland,Dumfries - Flat Tyre Call,Enabled,
Add,242-715-2166,TR Search Emergency Scotland Mainland,Dumfries - Annan Emergency,Enabled,
Add,242-715-2166,TR Search Emergency Scotland Mainland,Dumfries - Lockerbie Emergency,Enabled,
Add,242-715-2166,TR Search Emergency Scotland Mainland,Dumfries - Castle Douglas Emergency,Enabled,
Add,242-715-2166,TR Search Emergency Scotland Mainland,Dumfries - Dalbeattie Emergency,Enabled,
Add,242-715-2166,TR Search Emergency Scotland Mainland,Dumfries - Sanquhar Emergency,Enabled,
Add,242-715-2166,TR Search Emergency Scotland Mainland,Dumfries - Moffat Emergency,Enabled,
Add,242-715-2166,TR Search Emergency Scotland Mainland,Dumfries - Langholm Emergency,Enabled,
Add,242-715-2166,TR Search Emergency Scotland Mainland,Dumfries - Maxwelltown Emergency,Enabled,
Add,242-715-2166,TR Search Emergency Scotland Mainland,Dumfries - Lochside Emergency,Enabled,
Add,242-715-2166,TR Search Emergency Scotland Mainland,Dumfries - Heathhall Emergency,Enabled,
Add,242-715-2166,TR Search Emergency Scotland Mainland,Dumfries - Georgetown Emergency,Enabled,
Add,242-715-2166,TR Search Emergency Scotland Mainland,Dumfries - Lincluden Emergency,Enabled,
Add,242-715-2166,TR Search Emergency Scotland Mainland,Dumfries - Troqueer Emergency,Enabled,
Add,242-715-2166,TR Search Emergency Scotland Mainland,Dumfries - Thornhill Emergency,Enabled,
Add,242-715-2166,TR Search Emergency Scotland Mainland,Dumfries - New Abbey Emergency,Enabled,
Add,242-715-2166,TR Search Emergency Scotland Mainland,Dumfries - Kirkcudbright Emergency,Enabled,
Add,242-715-2166,TR Search Emergency Scotland Mainland,Dumfries - Gretna Emergency,Enabled,
Add,242-715-2166,TR Search Emergency Scotland Mainland,Dumfries - Eastriggs Emergency,Enabled,
Add,242-715-2166,TR Search Emergency Scotland Mainland,Dumfries - Locharbriggs Emergency,Enabled,
Add,242-715-2166,TR Search Emergency Scotland Mainland,Dumfries - Lochmaben Emergency,Enabled,
Add,242-715-2166,TR Search Emergency Scotland Mainland,Greenock - Emergency 24-7,Enabled,
Add,242-715-2166,TR Search Emergency Scotland Mainland,Greenock - Flat Tyre Call,Enabled,
Add,242-715-2166,TR Search Emergency Scotland Mainland,Greenock - Port Glasgow Emergency,Enabled,
Add,242-715-2166,TR Search Emergency Scotland Mainland,Greenock - Gourock Emergency,Enabled,
Add,242-715-2166,TR Search Emergency Scotland Mainland,Greenock - Inverkip Emergency,Enabled,
Add,242-715-2166,TR Search Emergency Scotland Mainland,Greenock - Wemyss Bay Emergency,Enabled,
Add,242-715-2166,TR Search Emergency Scotland Mainland,Greenock - Kilmacolm Emergency,Enabled,
Add,242-715-2166,TR Search Emergency Scotland Mainland,Greenock - Larkfield Emergency,Enabled,
Add,242-715-2166,TR Search Emergency Scotland Mainland,Greenock - Braeside Emergency,Enabled,
Add,242-715-2166,TR Search Emergency Scotland Mainland,Greenock - Gibshill Emergency,Enabled,
Add,242-715-2166,TR Search Emergency Scotland Mainland,Greenock - Bow Farm Emergency,Enabled,
Add,242-715-2166,TR Search Emergency Scotland Mainland,Greenock - Upper Greenock Emergency,Enabled,
Add,242-715-2166,TR Search Emergency Scotland Mainland,Greenock - Cardwell Bay Emergency,Enabled,
Add,242-715-2166,TR Search Emergency Scotland Mainland,Greenock - West End Emergency,Enabled,
Add,242-715-2166,TR Search Emergency Scotland Mainland,Greenock - Skelmorlie Emergency,Enabled,
Add,242-715-2166,TR Search Emergency Scotland Mainland,Greenock - Cartsdyke Emergency,Enabled,
Add,242-715-2166,TR Search Emergency Scotland Mainland,Greenock - Branchton Emergency,Enabled,
Add,242-715-2166,TR Search Emergency Scotland Mainland,Greenock - Town Centre Emergency,Enabled,
Add,242-715-2166,TR Search Emergency Scotland Mainland,Dunfermline - Emergency 24-7,Enabled,
Add,242-715-2166,TR Search Emergency Scotland Mainland,Dunfermline - Flat Tyre Call,Enabled,
Add,242-715-2166,TR Search Emergency Scotland Mainland,Dunfermline - Rosyth Emergency,Enabled,
Add,242-715-2166,TR Search Emergency Scotland Mainland,Dunfermline - Inverkeithing Emergency,Enabled,
Add,242-715-2166,TR Search Emergency Scotland Mainland,Dunfermline - Dalgety Bay Emergency,Enabled,
Add,242-715-2166,TR Search Emergency Scotland Mainland,Dunfermline - Aberdour Emergency,Enabled,
Add,242-715-2166,TR Search Emergency Scotland Mainland,Dunfermline - Crossford Emergency,Enabled,
Add,242-715-2166,TR Search Emergency Scotland Mainland,Dunfermline - Cairneyhill Emergency,Enabled,
Add,242-715-2166,TR Search Emergency Scotland Mainland,Dunfermline - Kingseat Emergency,Enabled,
Add,242-715-2166,TR Search Emergency Scotland Mainland,Dunfermline - Townhill Emergency,Enabled,
Add,242-715-2166,TR Search Emergency Scotland Mainland,Dunfermline - Milesmark Emergency,Enabled,
Add,242-715-2166,TR Search Emergency Scotland Mainland,Dunfermline - Pitcorthie Emergency,Enabled,
Add,242-715-2166,TR Search Emergency Scotland Mainland,Dunfermline - Wellwood Emergency,Enabled,
Add,242-715-2166,TR Search Emergency Scotland Mainland,Dunfermline - Baldridgeburn Emergency,Enabled,
Add,242-715-2166,TR Search Emergency Scotland Mainland,Dunfermline - North Queensferry Emergency,Enabled,
Add,242-715-2166,TR Search Emergency Scotland Mainland,Dunfermline - Limekilns Emergency,Enabled,
Add,242-715-2166,TR Search Emergency Scotland Mainland,Dunfermline - Kelty Emergency,Enabled,
Add,242-715-2166,TR Search Emergency Scotland Mainland,Dunfermline - Saline Emergency,Enabled,
Add,242-715-2166,TR Search Emergency Scotland Mainland,Dunfermline - Oakley Emergency,Enabled,
Add,242-715-2166,TR Search Emergency Scotland Mainland,Dunfermline - Carnock Emergency,Enabled,
Add,242-715-2166,TR Search Emergency Scotland Mainland,Dunfermline - High Valleyfield Emergency,Enabled,
Add,242-715-2166,TR Search Emergency Scotland Mainland,Dunfermline - Culross Emergency,Enabled,
Add,242-715-2166,TR Search Emergency Scotland Mainland,Kilmarnock - Emergency 24-7,Enabled,
Add,242-715-2166,TR Search Emergency Scotland Mainland,Kilmarnock - Flat Tyre Call,Enabled,
Add,242-715-2166,TR Search Emergency Scotland Mainland,Kilmarnock - Town Centre Emergency,Enabled,
Add,242-715-2166,TR Search Emergency Scotland Mainland,Kilmarnock - Hurlford Emergency,Enabled,
Add,242-715-2166,TR Search Emergency Scotland Mainland,Kilmarnock - Galston Emergency,Enabled,
Add,242-715-2166,TR Search Emergency Scotland Mainland,Kilmarnock - Stewarton Emergency,Enabled,
Add,242-715-2166,TR Search Emergency Scotland Mainland,Kilmarnock - Fenwick Emergency,Enabled,
Add,242-715-2166,TR Search Emergency Scotland Mainland,Kilmarnock - Crosshouse Emergency,Enabled,
Add,242-715-2166,TR Search Emergency Scotland Mainland,Kilmarnock - Darvel Emergency,Enabled,
Add,242-715-2166,TR Search Emergency Scotland Mainland,Kilmarnock - Newmilns Emergency,Enabled,
Add,242-715-2166,TR Search Emergency Scotland Mainland,Kilmarnock - Cumnock Emergency,Enabled,
Add,242-715-2166,TR Search Emergency Scotland Mainland,Kilmarnock - Auchinleck Emergency,Enabled,
Add,242-715-2166,TR Search Emergency Scotland Mainland,Kilmarnock - Mauchline Emergency,Enabled,
Add,242-715-2166,TR Search Emergency Scotland Mainland,Kilmarnock - Riccarton Emergency,Enabled,
Add,242-715-2166,TR Search Emergency Scotland Mainland,Kilmarnock - Bellfield Emergency,Enabled,
Add,242-715-2166,TR Search Emergency Scotland Mainland,Kilmarnock - Kilmaurs Emergency,Enabled,
Add,242-715-2166,TR Search Emergency Scotland Mainland,Kilmarnock - Crookedholm Emergency,Enabled,
Add,242-715-2166,TR Search Emergency Scotland Mainland,Kilmarnock - Catrine Emergency,Enabled,
Add,242-715-2166,TR Search Emergency Scotland Mainland,Kilmarnock - Muirkirk Emergency,Enabled,
Add,242-715-2166,TR Search Emergency Scotland Mainland,Kilmarnock - Troon Emergency,Enabled,
Add,242-715-2166,TR Search Emergency Scotland Mainland,Kilmarnock - Kilwinning Emergency,Enabled,
Add,242-715-2166,TR Search Emergency Scotland Mainland,Kilmarnock - Dreghorn Emergency,Enabled,
Add,242-715-2166,TR Search Emergency Scotland Mainland,Ayr - Emergency 24-7,Enabled,
Add,242-715-2166,TR Search Emergency Scotland Mainland,Ayr - Flat Tyre Call,Enabled,
Add,242-715-2166,TR Search Emergency Scotland Mainland,Ayr - Town Centre Emergency,Enabled,
Add,242-715-2166,TR Search Emergency Scotland Mainland,Ayr - Prestwick Emergency,Enabled,
Add,242-715-2166,TR Search Emergency Scotland Mainland,Ayr - Alloway Emergency,Enabled,
Add,242-715-2166,TR Search Emergency Scotland Mainland,Ayr - Maybole Emergency,Enabled,
Add,242-715-2166,TR Search Emergency Scotland Mainland,Ayr - Girvan Emergency,Enabled,
Add,242-715-2166,TR Search Emergency Scotland Mainland,Ayr - Troon Emergency,Enabled,
Add,242-715-2166,TR Search Emergency Scotland Mainland,Ayr - Seafield Emergency,Enabled,
Add,242-715-2166,TR Search Emergency Scotland Mainland,Ayr - Newton on Ayr Emergency,Enabled,
Add,242-715-2166,TR Search Emergency Scotland Mainland,Ayr - Doonfoot Emergency,Enabled,
Add,242-715-2166,TR Search Emergency Scotland Mainland,Ayr - Whitletts Emergency,Enabled,
Add,242-715-2166,TR Search Emergency Scotland Mainland,Ayr - Lochside Emergency,Enabled,
Add,242-715-2166,TR Search Emergency Scotland Mainland,Ayr - Mossblown Emergency,Enabled,
Add,242-715-2166,TR Search Emergency Scotland Mainland,Ayr - Coylton Emergency,Enabled,
Add,242-715-2166,TR Search Emergency Scotland Mainland,Ayr - Dalrymple Emergency,Enabled,
Add,242-715-2166,TR Search Emergency Scotland Mainland,Ayr - Monkton Emergency,Enabled,
Add,242-715-2166,TR Search Emergency Scotland Mainland,Ayr - Symington Emergency,Enabled,
Add,242-715-2166,TR Search Emergency Scotland Mainland,Ayr - Dailly Emergency,Enabled,
Add,242-715-2166,TR Search Emergency Scotland Mainland,Ayr - Minishant Emergency,Enabled,
Add,242-715-2166,TR Search Emergency Scotland Mainland,Ayr - Annbank Emergency,Enabled,
Add,242-715-2166,TR Search Emergency Scotland Mainland,Ayr - Dundonald Emergency,Enabled,
Add,242-715-2166,TR Search Emergency Scotland Mainland,Irvine - Emergency 24-7,Enabled,
Add,242-715-2166,TR Search Emergency Scotland Mainland,Irvine - Flat Tyre Call,Enabled,
Add,242-715-2166,TR Search Emergency Scotland Mainland,Irvine - Town Centre Emergency,Enabled,
Add,242-715-2166,TR Search Emergency Scotland Mainland,Irvine - Kilwinning Emergency,Enabled,
Add,242-715-2166,TR Search Emergency Scotland Mainland,Irvine - Saltcoats Emergency,Enabled,
Add,242-715-2166,TR Search Emergency Scotland Mainland,Irvine - Ardrossan Emergency,Enabled,
Add,242-715-2166,TR Search Emergency Scotland Mainland,Irvine - Stevenston Emergency,Enabled,
Add,242-715-2166,TR Search Emergency Scotland Mainland,Irvine - Largs Emergency,Enabled,
Add,242-715-2166,TR Search Emergency Scotland Mainland,Irvine - Dalry Emergency,Enabled,
Add,242-715-2166,TR Search Emergency Scotland Mainland,Irvine - Beith Emergency,Enabled,
Add,242-715-2166,TR Search Emergency Scotland Mainland,Irvine - West Kilbride Emergency,Enabled,
Add,242-715-2166,TR Search Emergency Scotland Mainland,Irvine - Fairlie Emergency,Enabled,
Add,242-715-2166,TR Search Emergency Scotland Mainland,Irvine - Skelmorlie Emergency,Enabled,
Add,242-715-2166,TR Search Emergency Scotland Mainland,Irvine - Dreghorn Emergency,Enabled,
Add,242-715-2166,TR Search Emergency Scotland Mainland,Irvine - Springside Emergency,Enabled,
Add,242-715-2166,TR Search Emergency Scotland Mainland,Irvine - Bourtreehill Emergency,Enabled,
Add,242-715-2166,TR Search Emergency Scotland Mainland,Irvine - Girdle Toll Emergency,Enabled,
Add,242-715-2166,TR Search Emergency Scotland Mainland,Irvine - Perceton Emergency,Enabled,
Add,242-715-2166,TR Search Emergency Scotland Mainland,Irvine - Eglinton Emergency,Enabled,
Add,242-715-2166,TR Search Emergency Scotland Mainland,Irvine - Millport Emergency,Enabled,
Add,242-715-2166,TR Search Emergency Scotland Mainland,Irvine - Glengarnock Emergency,Enabled,
Add,242-715-2166,TR Search Emergency Scotland Mainland,Irvine - Barrmill Emergency,Enabled,
Add,242-715-2166,TR Search Emergency Scotland Mainland,M8 Glasgow Edinburgh - Roadside Tyres,Enabled,
Add,242-715-2166,TR Search Emergency Scotland Mainland,M74 Glasgow Carlisle - Roadside Tyres,Enabled,
Add,242-715-2166,TR Search Emergency Scotland Mainland,M77 Glasgow Ayrshire - Roadside Tyres,Enabled,
Add,242-715-2166,TR Search Emergency Scotland Mainland,M80 Glasgow Stirling - Roadside Tyres,Enabled,
Add,242-715-2166,TR Search Emergency Scotland Mainland,M9 Edinburgh Stirling - Roadside Tyres,Enabled,
Add,242-715-2166,TR Search Emergency Scotland Mainland,M90 Fife Perth - Roadside Tyres,Enabled,
Add,242-715-2166,TR Search Emergency Scotland Mainland,A9 Perth Inverness - Roadside Tyres,Enabled,
Add,242-715-2166,TR Search Emergency Scotland Mainland,A90 Dundee Aberdeen - Roadside Tyres,Enabled,
Add,242-715-2166,TR Search Emergency Scotland Mainland,A82 Glasgow Fort William - Roadside Tyres,Enabled,
Add,242-715-2166,TR Search Emergency Scotland Mainland,A77 Glasgow Ayr Stranraer - Roadside Tyres,Enabled,
Add,242-715-2166,TR Search Emergency Scotland Mainland,A75 Dumfries Stranraer - Roadside Tyres,Enabled,
Add,242-715-2166,TR Search Emergency Scotland Mainland,A1 Edinburgh Borders - Roadside Tyres,Enabled,
Add,242-715-2166,TR Search Emergency Scotland Mainland,Aberdeen - Emergency 24-7,Enabled,
Add,242-715-2166,TR Search Emergency Scotland Mainland,Stonehaven - Emergency 24-7,Enabled,
Add,242-715-2166,TR Search Emergency Scotland Mainland,Forfar - Emergency 24-7,Enabled,
Add,242-715-2166,TR Search Emergency Scotland Mainland,Arbroath - Emergency 24-7,Enabled,
Add,242-715-2166,TR Search Emergency Scotland Mainland,Montrose - Emergency 24-7,Enabled,
Add,242-715-2166,TR Search Emergency Scotland Mainland,Alloa - Emergency 24-7,Enabled,
Add,242-715-2166,TR Search Emergency Scotland Mainland,Grangemouth - Emergency 24-7,Enabled,
Add,242-715-2166,TR Search Emergency Scotland Mainland,Larbert - Emergency 24-7,Enabled,
Add,242-715-2166,TR Search Emergency Scotland Mainland,Denny - Emergency 24-7,Enabled,
Add,242-715-2166,TR Search Emergency Scotland Mainland,Troon - Emergency 24-7,Enabled,
Add,242-715-2166,TR Search Emergency Scotland Mainland,Prestwick - Emergency 24-7,Enabled,
Add,242-715-2166,TR Search Emergency Scotland Mainland,Galashiels - Emergency 24-7,Enabled,
Add,242-715-2166,TR Search Emergency Scotland Mainland,Hawick - Emergency 24-7,Enabled,
Add,242-715-2166,TR Search Emergency Scotland Mainland,Peebles - Emergency 24-7,Enabled,
Add,242-715-2166,TR Search Emergency Scotland Mainland,Inverness - Emergency 24-7,Enabled,
Add,242-715-2166,TR Search Emergency Scotland Mainland,Aviemore - Emergency 24-7,Enabled,
Add,242-715-2166,TR Search Emergency Scotland Mainland,Fort William - Emergency 24-7,Enabled,
Add,242-715-2166,TR Search Emergency Scotland Mainland,Nairn - Emergency 24-7,Enabled,
Add,242-715-2166,TR Search Emergency Scotland Mainland,Elgin - Emergency 24-7,Enabled,
Add,242-715-2166,TR Search Emergency Scotland Mainland,Dingwall - Emergency 24-7,Enabled,
